"PSComputerName","__GENUS","__CLASS","__SUPERCLASS","__DYNASTY","__RELPATH","__PROPERTY_COUNT","__DERIVATION","__SERVER","__NAMESPACE","__PATH","AccountType","Caption","Description","Disabled","Domain","FullName","InstallDate","LocalAccount","Lockout","Name","PasswordChangeable","PasswordExpires","PasswordRequired","SID","SIDType","Status"
"WKS01-ERIK","2","Win32_UserAccount","Win32_Account","CIM_ManagedSystemElement","Win32_UserAccount.Domain=""WKS01-ERIK"",Name=""Administrator""","16","System.String[]","WKS01-ERIK","root\cimv2","\\WKS01-ERIK\root\cimv2:Win32_UserAccount.Domain=""WKS01-ERIK"",Name=""Administrator""","512","WKS01-ERIK\Administrator","Built-in account for administering the computer/domain","True","WKS01-ERIK","",,"True","False","Administrator","True","False","True","S-1-5-21-896721519-267268951-1246233685-500","1","Degraded"
"WKS01-ERIK","2","Win32_UserAccount","Win32_Account","CIM_ManagedSystemElement","Win32_UserAccount.Domain=""WKS01-ERIK"",Name=""champuser""","16","System.String[]","WKS01-ERIK","root\cimv2","\\WKS01-ERIK\root\cimv2:Win32_UserAccount.Domain=""WKS01-ERIK"",Name=""champuser""","512","WKS01-ERIK\champuser","","False","WKS01-ERIK","",,"True","False","champuser","True","False","False","S-1-5-21-896721519-267268951-1246233685-1002","1","OK"
"WKS01-ERIK","2","Win32_UserAccount","Win32_Account","CIM_ManagedSystemElement","Win32_UserAccount.Domain=""WKS01-ERIK"",Name=""DefaultAccount""","16","System.String[]","WKS01-ERIK","root\cimv2","\\WKS01-ERIK\root\cimv2:Win32_UserAccount.Domain=""WKS01-ERIK"",Name=""DefaultAccount""","512","WKS01-ERIK\DefaultAccount","A user account managed by the system.","True","WKS01-ERIK","",,"True","False","DefaultAccount","True","False","False","S-1-5-21-896721519-267268951-1246233685-503","1","Degraded"
"WKS01-ERIK","2","Win32_UserAccount","Win32_Account","CIM_ManagedSystemElement","Win32_UserAccount.Domain=""WKS01-ERIK"",Name=""erik.biedrzycki""","16","System.String[]","WKS01-ERIK","root\cimv2","\\WKS01-ERIK\root\cimv2:Win32_UserAccount.Domain=""WKS01-ERIK"",Name=""erik.biedrzycki""","512","WKS01-ERIK\erik.biedrzycki","","False","WKS01-ERIK","",,"True","False","erik.biedrzycki","True","False","False","S-1-5-21-896721519-267268951-1246233685-1003","1","OK"
"WKS01-ERIK","2","Win32_UserAccount","Win32_Account","CIM_ManagedSystemElement","Win32_UserAccount.Domain=""WKS01-ERIK"",Name=""Guest""","16","System.String[]","WKS01-ERIK","root\cimv2","\\WKS01-ERIK\root\cimv2:Win32_UserAccount.Domain=""WKS01-ERIK"",Name=""Guest""","512","WKS01-ERIK\Guest","Built-in account for guest access to the computer/domain","True","WKS01-ERIK","",,"True","False","Guest","False","False","False","S-1-5-21-896721519-267268951-1246233685-501","1","Degraded"
"WKS01-ERIK","2","Win32_UserAccount","Win32_Account","CIM_ManagedSystemElement","Win32_UserAccount.Domain=""WKS01-ERIK"",Name=""WDAGUtilityAccount""","16","System.String[]","WKS01-ERIK","root\cimv2","\\WKS01-ERIK\root\cimv2:Win32_UserAccount.Domain=""WKS01-ERIK"",Name=""WDAGUtilityAccount""","512","WKS01-ERIK\WDAGUtilityAccount","A user account managed and used by the system for Windows Defender Application Guard scenarios.","True","WKS01-ERIK","",,"True","False","WDAGUtilityAccount","True","True","True","S-1-5-21-896721519-267268951-1246233685-504","1","Degraded"
